image,label
B/0-1.jpeg,0
B/0-10.jpeg,0
B/0-11.jpeg,0
B/0-12.jpeg,0
B/0-13.jpeg,0
B/0-14.jpeg,0
B/0-15.jpeg,0
B/0-16.jpeg,0
B/0-17.jpeg,0
B/0-18.jpeg,0
B/0-19.jpeg,0
B/0-2.jpeg,0
B/0-20.jpeg,0
B/0-3.jpeg,0
B/0-4.jpeg,0
B/0-5.jpeg,0
B/0-6.jpeg,0
B/0-7.jpeg,0
B/0-8.jpeg,0
B/0-9.jpeg,0
B/1-1.jpeg,1
B/1-10.jpeg,1
B/1-11.jpeg,1
B/1-12.jpeg,1
B/1-13.jpeg,1
B/1-14.jpeg,1
B/1-15.jpeg,1
B/1-16.jpeg,1
B/1-17.jpeg,1
B/1-18.jpeg,1
B/1-19.jpeg,1
B/1-2.jpeg,1
B/1-20.jpeg,1
B/1-3.jpeg,1
B/1-4.jpeg,1
B/1-5.jpeg,1
B/1-6.jpeg,1
B/1-7.jpeg,1
B/1-8.jpeg,1
B/1-9.jpeg,1
B/2-1.jpeg,2
B/2-10.jpeg,2
B/2-11.jpeg,2
B/2-12.jpeg,2
B/2-13.jpeg,2
B/2-14.jpeg,2
B/2-15.jpeg,2
B/2-16.jpeg,2
B/2-17.jpeg,2
B/2-18.jpeg,2
B/2-19.jpeg,2
B/2-2.jpeg,2
B/2-20.jpeg,2
B/2-3.jpeg,2
B/2-4.jpeg,2
B/2-5.jpeg,2
B/2-6.jpeg,2
B/2-7.jpeg,2
B/2-8.jpeg,2
B/2-9.jpeg,2
B/3-1.jpeg,3
B/3-10.jpeg,3
B/3-11.jpeg,3
B/3-12.jpeg,3
B/3-13.jpeg,3
B/3-14.jpeg,3
B/3-15.jpeg,3
B/3-16.jpeg,3
B/3-17.jpeg,3
B/3-18.jpeg,3
B/3-19.jpeg,3
B/3-2.jpeg,3
B/3-20.jpeg,3
B/3-3.jpeg,3
B/3-4.jpeg,3
B/3-5.jpeg,3
B/3-6.jpeg,3
B/3-7.jpeg,3
B/3-8.jpeg,3
B/3-9.jpeg,3
B/4-1.jpeg,4
B/4-10.jpeg,4
B/4-11.jpeg,4
B/4-12.jpeg,4
B/4-13.jpeg,4
B/4-14.jpeg,4
B/4-15.jpeg,4
B/4-16.jpeg,4
B/4-17.jpeg,4
B/4-18.jpeg,4
B/4-19.jpeg,4
B/4-2.jpeg,4
B/4-20.jpeg,4
B/4-3.jpeg,4
B/4-4.jpeg,4
B/4-5.jpeg,4
B/4-6.jpeg,4
B/4-7.jpeg,4
B/4-8.jpeg,4
B/4-9.jpeg,4
B/5-1.jpeg,5
B/5-10.jpeg,5
B/5-11.jpeg,5
B/5-12.jpeg,5
B/5-13.jpeg,5
B/5-14.jpeg,5
B/5-15.jpeg,5
B/5-16.jpeg,5
B/5-17.jpeg,5
B/5-18.jpeg,5
B/5-19.jpeg,5
B/5-2.jpeg,5
B/5-20.jpeg,5
B/5-3.jpeg,5
B/5-4.jpeg,5
B/5-5.jpeg,5
B/5-6.jpeg,5
B/5-7.jpeg,5
B/5-8.jpeg,5
B/5-9.jpeg,5
B/6-1.jpeg,6
B/6-10.jpeg,6
B/6-11.jpeg,6
B/6-12.jpeg,6
B/6-13.jpeg,6
B/6-14.jpeg,6
B/6-15.jpeg,6
B/6-16.jpeg,6
B/6-17.jpeg,6
B/6-18.jpeg,6
B/6-19.jpeg,6
B/6-2.jpeg,6
B/6-20.jpeg,6
B/6-3.jpeg,6
B/6-4.jpeg,6
B/6-5.jpeg,6
B/6-6.jpeg,6
B/6-7.jpeg,6
B/6-8.jpeg,6
B/6-9.jpeg,6
B/7-1.jpeg,7
B/7-10.jpeg,7
B/7-11.jpeg,7
B/7-12.jpeg,7
B/7-13.jpeg,7
B/7-14.jpeg,7
B/7-15.jpeg,7
B/7-16.jpeg,7
B/7-17.jpeg,7
B/7-18.jpeg,7
B/7-19.jpeg,7
B/7-2.jpeg,7
B/7-20.jpeg,7
B/7-3.jpeg,7
B/7-4.jpeg,7
B/7-5.jpeg,7
B/7-6.jpeg,7
B/7-7.jpeg,7
B/7-8.jpeg,7
B/7-9.jpeg,7
B/8-1.jpeg,8
B/8-10.jpeg,8
B/8-11.jpeg,8
B/8-12.jpeg,8
B/8-13.jpeg,8
B/8-14.jpeg,8
B/8-15.jpeg,8
B/8-16.jpeg,8
B/8-17.jpeg,8
B/8-18.jpeg,8
B/8-19.jpeg,8
B/8-2.jpeg,8
B/8-20.jpeg,8
B/8-3.jpeg,8
B/8-4.jpeg,8
B/8-5.jpeg,8
B/8-6.jpeg,8
B/8-7.jpeg,8
B/8-8.jpeg,8
B/8-9.jpeg,8
B/9-1.jpeg,9
B/9-10.jpeg,9
B/9-11.jpeg,9
B/9-12.jpeg,9
B/9-13.jpeg,9
B/9-14.jpeg,9
B/9-15.jpeg,9
B/9-16.jpeg,9
B/9-17.jpeg,9
B/9-18.jpeg,9
B/9-19.jpeg,9
B/9-2.jpeg,9
B/9-20.jpeg,9
B/9-3.jpeg,9
B/9-4.jpeg,9
B/9-5.jpeg,9
B/9-6.jpeg,9
B/9-7.jpeg,9
B/9-8.jpeg,9
B/9-9.jpeg,9
F/0-1.jpeg,0
F/0-10.jpeg,0
F/0-11.jpeg,0
F/0-12.jpeg,0
F/0-13.jpeg,0
F/0-14.jpeg,0
F/0-15.jpeg,0
F/0-16.jpeg,0
F/0-17.jpeg,0
F/0-18.jpeg,0
F/0-19.jpeg,0
F/0-2.jpeg,0
F/0-20.jpeg,0
F/0-3.jpeg,0
F/0-4.jpeg,0
F/0-5.jpeg,0
F/0-6.jpeg,0
F/0-7.jpeg,0
F/0-8.jpeg,0
F/0-9.jpeg,0
F/1-1.jpeg,1
F/1-10.jpeg,1
F/1-11.jpeg,1
F/1-12.jpeg,1
F/1-13.jpeg,1
F/1-14.jpeg,1
F/1-15.jpeg,1
F/1-16.jpeg,1
F/1-17.jpeg,1
F/1-18.jpeg,1
F/1-19.jpeg,1
F/1-2.jpeg,1
F/1-20.jpeg,1
F/1-3.jpeg,1
F/1-4.jpeg,1
F/1-5.jpeg,1
F/1-6.jpeg,1
F/1-7.jpeg,1
F/1-8.jpeg,1
F/1-9.jpeg,1
F/2-1.jpeg,2
F/2-10.jpeg,2
F/2-11.jpeg,2
F/2-12.jpeg,2
F/2-13.jpeg,2
F/2-14.jpeg,2
F/2-15.jpeg,2
F/2-16.jpeg,2
F/2-17.jpeg,2
F/2-18.jpeg,2
F/2-19.jpeg,2
F/2-2.jpeg,2
F/2-20.jpeg,2
F/2-3.jpeg,2
F/2-4.jpeg,2
F/2-5.jpeg,2
F/2-6.jpeg,2
F/2-7.jpeg,2
F/2-8.jpeg,2
F/2-9.jpeg,2
F/3-1.jpeg,3
F/3-10.jpeg,3
F/3-11.jpeg,3
F/3-12.jpeg,3
F/3-13.jpeg,3
F/3-14.jpeg,3
F/3-15.jpeg,3
F/3-16.jpeg,3
F/3-17.jpeg,3
F/3-18.jpeg,3
F/3-19.jpeg,3
F/3-2.jpeg,3
F/3-20.jpeg,3
F/3-3.jpeg,3
F/3-4.jpeg,3
F/3-5.jpeg,3
F/3-6.jpeg,3
F/3-7.jpeg,3
F/3-8.jpeg,3
F/3-9.jpeg,3
F/4-1.jpeg,4
F/4-10.jpeg,4
F/4-11.jpeg,4
F/4-12.jpeg,4
F/4-13.jpeg,4
F/4-14.jpeg,4
F/4-15.jpeg,4
F/4-16.jpeg,4
F/4-17.jpeg,4
F/4-18.jpeg,4
F/4-19.jpeg,4
F/4-2.jpeg,4
F/4-20.jpeg,4
F/4-3.jpeg,4
F/4-4.jpeg,4
F/4-5.jpeg,4
F/4-6.jpeg,4
F/4-7.jpeg,4
F/4-8.jpeg,4
F/4-9.jpeg,4
Monika_P/1.jpeg,0
Monika_P/10.jpeg,0
Monika_P/100.jpeg,9
Monika_P/11.jpeg,1
Monika_P/12.jpeg,1
Monika_P/13.jpeg,1
Monika_P/14.jpeg,1
Monika_P/15.jpeg,1
Monika_P/16.jpeg,1
Monika_P/17.jpeg,1
Monika_P/18.jpeg,1
Monika_P/19.jpeg,1
Monika_P/2.jpeg,0
Monika_P/20.jpeg,1
Monika_P/21.jpeg,2
Monika_P/22.jpeg,2
Monika_P/23.jpeg,2
Monika_P/24.jpeg,2
Monika_P/25.jpeg,2
Monika_P/26.jpeg,2
Monika_P/27.jpeg,2
Monika_P/28.jpeg,2
Monika_P/29.jpeg,2
Monika_P/3.jpeg,0
Monika_P/30.jpeg,2
Monika_P/31.jpeg,3
Monika_P/32.jpeg,3
Monika_P/33.jpeg,3
Monika_P/34.jpeg,3
Monika_P/35.jpeg,3
Monika_P/36.jpeg,3
Monika_P/37.jpeg,3
Monika_P/38.jpeg,3
Monika_P/39.jpeg,3
Monika_P/4.jpeg,0
Monika_P/40.jpeg,3
Monika_P/41.jpeg,4
Monika_P/42.jpeg,4
Monika_P/43.jpeg,4
Monika_P/44.jpeg,4
Monika_P/45.jpeg,4
Monika_P/46.jpeg,4
Monika_P/47.jpeg,4
Monika_P/48.jpeg,4
Monika_P/49.jpeg,4
Monika_P/5.jpeg,0
Monika_P/50.jpeg,4
Monika_P/51.jpeg,5
Monika_P/52.jpeg,5
Monika_P/53.jpeg,5
Monika_P/54.jpeg,5
Monika_P/55.jpeg,5
Monika_P/56.jpeg,5
Monika_P/57.jpeg,5
Monika_P/58.jpeg,5
Monika_P/59.jpeg,5
Monika_P/6.jpeg,0
Monika_P/60.jpeg,5
Monika_P/61.jpeg,6
Monika_P/62.jpeg,6
Monika_P/63.jpeg,6
Monika_P/64.jpeg,6
Monika_P/65.jpeg,6
Monika_P/66.jpeg,6
Monika_P/67.jpeg,6
Monika_P/68.jpeg,6
Monika_P/69.jpeg,6
Monika_P/7.jpeg,0
Monika_P/70.jpeg,6
Monika_P/71.jpeg,7
Monika_P/72.jpeg,7
Monika_P/73.jpeg,7
Monika_P/74.jpeg,7
Monika_P/75.jpeg,7
Monika_P/76.jpeg,7
Monika_P/77.jpeg,7
Monika_P/78.jpeg,7
Monika_P/79.jpeg,7
Monika_P/8.jpeg,0
Monika_P/80.jpeg,7
Monika_P/81.jpeg,8
Monika_P/82.jpeg,8
Monika_P/83.jpeg,8
Monika_P/84.jpeg,8
Monika_P/85.jpeg,8
Monika_P/86.jpeg,8
Monika_P/87.jpeg,8
Monika_P/88.jpeg,8
Monika_P/89.jpeg,8
Monika_P/9.jpeg,0
Monika_P/90.jpeg,8
Monika_P/91.jpeg,9
Monika_P/92.jpeg,9
Monika_P/93.jpeg,9
Monika_P/94.jpeg,9
Monika_P/95.jpeg,9
Monika_P/96.jpeg,9
Monika_P/97.jpeg,9
Monika_P/98.jpeg,9
Monika_P/99.jpeg,9
osoba5/IMG_E394601.JPG,0
osoba5/IMG_E394602.JPG,0
osoba5/IMG_E394603.JPG,0
osoba5/IMG_E394604.JPG,0
osoba5/IMG_E394605.JPG,0
osoba5/IMG_E394606.JPG,0
osoba5/IMG_E394607.JPG,0
osoba5/IMG_E394608.JPG,0
osoba5/IMG_E394609.JPG,0
osoba5/IMG_E39460A.JPG,0
osoba5/IMG_E39460B.JPG,0
osoba5/IMG_E39460C.JPG,0
osoba5/IMG_E394611.JPG,1
osoba5/IMG_E394612.JPG,1
osoba5/IMG_E394613.JPG,1
osoba5/IMG_E394614.JPG,1
osoba5/IMG_E394615.JPG,1
osoba5/IMG_E394616.JPG,1
osoba5/IMG_E394617.JPG,1
osoba5/IMG_E394618.JPG,1
osoba5/IMG_E394619.JPG,1
osoba5/IMG_E39461A.JPG,1
osoba5/IMG_E39461B.JPG,1
osoba5/IMG_E39461C.JPG,1
osoba5/IMG_E394621.JPG,2
osoba5/IMG_E394622.JPG,2
osoba5/IMG_E394623.JPG,2
osoba5/IMG_E394624.JPG,2
osoba5/IMG_E394625.JPG,2
osoba5/IMG_E394626.JPG,2
osoba5/IMG_E394627.JPG,2
osoba5/IMG_E394628.JPG,2
osoba5/IMG_E394629.JPG,2
osoba5/IMG_E39462A.JPG,2
osoba5/IMG_E39462B.JPG,2
osoba5/IMG_E39462C.JPG,2
osoba5/IMG_E394631.JPG,3
osoba5/IMG_E394632.JPG,3
osoba5/IMG_E394633.JPG,3
osoba5/IMG_E394634.JPG,3
osoba5/IMG_E394635.JPG,3
osoba5/IMG_E394636.JPG,3
osoba5/IMG_E394637.JPG,3
osoba5/IMG_E394638.JPG,3
osoba5/IMG_E394639.JPG,3
osoba5/IMG_E39463A.JPG,3
osoba5/IMG_E39463B.JPG,3
osoba5/IMG_E39463C.JPG,3
osoba5/IMG_E394641.JPG,4
osoba5/IMG_E394642.JPG,4
osoba5/IMG_E394643.JPG,4
osoba5/IMG_E394644.JPG,4
osoba5/IMG_E394645.JPG,4
osoba5/IMG_E394646.JPG,4
osoba5/IMG_E394647.JPG,4
osoba5/IMG_E394648.JPG,4
osoba5/IMG_E394649.JPG,4
osoba5/IMG_E39464A.JPG,4
osoba5/IMG_E39464B.JPG,4
osoba5/IMG_E39464C.JPG,4
osoba5/IMG_E394651.JPG,5
osoba5/IMG_E394652.JPG,5
osoba5/IMG_E394653.JPG,5
osoba5/IMG_E394654.JPG,5
osoba5/IMG_E394655.JPG,5
osoba5/IMG_E394656.JPG,5
osoba5/IMG_E394657.JPG,5
osoba5/IMG_E394658.JPG,5
osoba5/IMG_E394659.JPG,5
osoba5/IMG_E39465A.JPG,5
osoba5/IMG_E39465B.JPG,5
osoba5/IMG_E39465C.JPG,5
osoba5/IMG_E394661.JPG,6
osoba5/IMG_E394662.JPG,6
osoba5/IMG_E394663.JPG,6
osoba5/IMG_E394664.JPG,6
osoba5/IMG_E394665.JPG,6
osoba5/IMG_E394666.JPG,6
osoba5/IMG_E394667.JPG,6
osoba5/IMG_E394668.JPG,6
osoba5/IMG_E394669.JPG,6
osoba5/IMG_E39466A.JPG,6
osoba5/IMG_E39466B.JPG,6
osoba5/IMG_E39466C.JPG,6
osoba5/IMG_E394671.JPG,7
osoba5/IMG_E394672.JPG,7
osoba5/IMG_E394673.JPG,7
osoba5/IMG_E394674.JPG,7
osoba5/IMG_E394675.JPG,7
osoba5/IMG_E394676.JPG,7
osoba5/IMG_E394677.JPG,7
osoba5/IMG_E394678.JPG,7
osoba5/IMG_E394679.JPG,7
osoba5/IMG_E39467A.JPG,7
osoba5/IMG_E39467B.JPG,7
osoba5/IMG_E39467C.JPG,7
osoba5/IMG_E394681.JPG,8
osoba5/IMG_E394682.JPG,8
osoba5/IMG_E394683.JPG,8
osoba5/IMG_E394684.JPG,8
osoba5/IMG_E394685.JPG,8
osoba5/IMG_E394686.JPG,8
osoba5/IMG_E394687.JPG,8
osoba5/IMG_E394688.JPG,8
osoba5/IMG_E394689.JPG,8
osoba5/IMG_E39468A.JPG,8
osoba5/IMG_E39468B.JPG,8
osoba5/IMG_E39468C.JPG,8
osoba5/IMG_E394691.JPG,9
osoba5/IMG_E394692.JPG,9
osoba5/IMG_E394693.JPG,9
osoba5/IMG_E394694.JPG,9
osoba5/IMG_E394695.JPG,9
osoba5/IMG_E394696.JPG,9
osoba5/IMG_E394697.JPG,9
osoba5/IMG_E394698.JPG,9
osoba5/IMG_E394699.JPG,9
osoba5/IMG_E39469A.JPG,9
osoba5/IMG_E39469B.JPG,9
osoba5/IMG_E39469C.JPG,9
osoba8/IMG_4256.jpg,1
osoba8/IMG_4257.jpg,2
osoba8/IMG_4258.jpg,3
osoba8/IMG_4259.jpg,4
osoba8/IMG_4260.jpg,5
osoba8/IMG_4261.jpg,6
osoba8/IMG_4262.jpg,7
osoba8/IMG_4263.jpg,9
osoba8/IMG_4264.jpg,9
osoba8/IMG_4265.jpg,0
osoba8/IMG_4266.jpg,0
osoba8/IMG_4267.jpg,1
osoba8/IMG_4268.jpg,2
osoba8/IMG_4269.jpg,3
osoba8/IMG_4270.jpg,4
osoba8/IMG_4271.jpg,5
osoba8/IMG_4272.jpg,6
osoba8/IMG_4273.jpg,7
osoba8/IMG_4274.jpg,8
osoba8/IMG_4275.jpg,9
osoba8/IMG_4276.jpg,0
osoba8/IMG_4277.jpg,1
osoba8/IMG_4278.jpg,2
osoba8/IMG_4279.jpg,3
osoba8/IMG_4280.jpg,4
osoba8/IMG_4281.jpg,5
osoba8/IMG_4282.jpg,6
osoba8/IMG_4283.jpg,7
osoba8/IMG_4284.jpg,8
osoba8/IMG_4285.jpg,9
osoba8/IMG_4286.jpg,0
osoba8/IMG_4287.jpg,1
osoba8/IMG_4288.jpg,2
osoba8/IMG_4289.jpg,3
osoba8/IMG_4290.jpg,4
osoba8/IMG_4291.jpg,5
osoba8/IMG_4292.jpg,6
osoba8/IMG_4293.jpg,7
osoba8/IMG_4294.jpg,8
osoba8/IMG_4295.jpg,9
osoba8/IMG_4296.jpg,0
osoba8/IMG_4297.jpg,1
osoba8/IMG_4298.jpg,2
osoba8/IMG_4299.jpg,3
osoba8/IMG_4300.jpg,4
osoba8/IMG_4301.jpg,5
osoba8/IMG_4302.jpg,6
osoba8/IMG_4303.jpg,7
osoba8/IMG_4304.jpg,8
osoba8/IMG_4305.jpg,9
osoba8/IMG_4306.jpg,1
osoba8/IMG_4307.jpg,2
osoba8/IMG_4308.jpg,3
osoba8/IMG_4309.jpg,4
osoba8/IMG_4310.jpg,5
osoba8/IMG_4311.jpg,6
osoba8/IMG_4312.jpg,7
osoba8/IMG_4313.jpg,8
osoba8/IMG_4314.jpg,9
osoba8/IMG_4315.jpg,0
osoba8/IMG_4316.jpg,1
osoba8/IMG_4317.jpg,2
osoba8/IMG_4318.jpg,3
osoba8/IMG_4319.jpg,4
osoba8/IMG_4320.jpg,5
osoba8/IMG_4321.jpg,6
osoba8/IMG_4322.jpg,7
osoba8/IMG_4323.jpg,8
osoba8/IMG_4324.jpg,9
osoba8/IMG_4325.jpg,0
osoba8/IMG_4326.jpg,0
osoba8/IMG_4327.jpg,1
osoba8/IMG_4328.jpg,2
osoba8/IMG_4329.jpg,3
osoba8/IMG_4330.jpg,4
osoba8/IMG_4331.jpg,5
osoba8/IMG_4332.jpg,6
osoba8/IMG_4333.jpg,7
osoba8/IMG_4334.jpg,8
osoba8/IMG_4335.jpg,9
osoba8/IMG_4336.jpg,0
osoba8/IMG_4338.jpg,1
osoba8/IMG_4339.jpg,2
osoba8/IMG_4340.jpg,3
osoba8/IMG_4341.jpg,4
osoba8/IMG_4342.jpg,5
osoba8/IMG_4343.jpg,6
osoba8/IMG_4344.jpg,7
osoba8/IMG_4346.jpg,8
osoba8/IMG_4348.jpg,9
osoba8/IMG_4349.jpg,0
osoba8/IMG_4350.jpg,1
osoba8/IMG_4351.jpg,2
osoba8/IMG_4352.jpg,3
osoba8/IMG_4353.jpg,4
osoba8/IMG_4354.jpg,5
osoba8/IMG_4355.jpg,6
osoba8/IMG_4356.jpg,7
osoba8/IMG_4357.jpg,8
osoba8/IMG_4358.jpg,9
osoba8/IMG_4359.jpg,0
osoba8/IMG_4360.jpg,1
osoba8/IMG_4361.jpg,2
osoba8/IMG_4362.jpg,3
osoba8/IMG_4363.jpg,4
osoba8/IMG_4364.jpg,5
osoba8/IMG_4365.jpg,6
osoba8/IMG_4366.jpg,7
osoba8/IMG_4367.jpg,8
osoba8/IMG_4368.jpg,9
osoba8/IMG_4369.jpg,0
osoba8/IMG_4370.jpg,1
osoba8/IMG_4371.jpg,2
osoba8/IMG_4372.jpg,3
osoba8/IMG_4373.jpg,4
osoba8/IMG_4374.jpg,5
osoba8/IMG_4375.jpg,6
osoba8/IMG_4376.jpg,7
osoba8/IMG_4377.jpg,8
osoba8/IMG_4378.jpg,8
osoba8/IMG_4379.jpg,0
osoba8/IMG_4380.jpg,1
osoba8/IMG_4381.jpg,2
osoba8/IMG_4382.jpg,3
osoba8/IMG_4383.jpg,4
osoba8/IMG_4384.jpg,5
osoba8/IMG_4385.jpg,6
osoba8/IMG_4386.jpg,7
osoba8/IMG_4387.jpg,8
osoba8/IMG_4388.jpg,9
Sandra_K/1.jpeg,0
Sandra_K/10.jpeg,0
Sandra_K/100.jpeg,9
Sandra_K/11.jpeg,1
Sandra_K/12.jpeg,1
Sandra_K/13.jpeg,1
Sandra_K/14.jpeg,1
Sandra_K/15.jpeg,1
Sandra_K/16.jpeg,1
Sandra_K/17.jpeg,1
Sandra_K/18.jpeg,1
Sandra_K/19.jpeg,1
Sandra_K/2.jpeg,0
Sandra_K/20.jpeg,1
Sandra_K/21.jpeg,2
Sandra_K/22.jpeg,2
Sandra_K/23.jpeg,2
Sandra_K/24.jpeg,2
Sandra_K/25.jpeg,2
Sandra_K/26.jpeg,2
Sandra_K/27.jpeg,2
Sandra_K/28.jpeg,2
Sandra_K/29.jpeg,2
Sandra_K/3.jpeg,0
Sandra_K/30.jpeg,2
Sandra_K/31.jpeg,2
Sandra_K/32.jpeg,3
Sandra_K/33.jpeg,3
Sandra_K/34.jpeg,3
Sandra_K/35.jpeg,3
Sandra_K/36.jpeg,3
Sandra_K/37.jpeg,3
Sandra_K/38.jpeg,3
Sandra_K/39.jpeg,3
Sandra_K/4.jpeg,0
Sandra_K/40.jpeg,3
Sandra_K/41.jpeg,4
Sandra_K/42.jpeg,4
Sandra_K/43.jpeg,4
Sandra_K/44.jpeg,4
Sandra_K/45.jpeg,4
Sandra_K/46.jpeg,4
Sandra_K/47.jpeg,4
Sandra_K/48.jpeg,4
Sandra_K/49.jpeg,4
Sandra_K/5.jpeg,0
Sandra_K/50.jpeg,4
Sandra_K/51.jpeg,5
Sandra_K/52.jpeg,5
Sandra_K/53.jpeg,5
Sandra_K/54.jpeg,5
Sandra_K/55.jpeg,5
Sandra_K/56.jpeg,5
Sandra_K/57.jpeg,5
Sandra_K/58.jpeg,5
Sandra_K/59.jpeg,5
Sandra_K/6.jpeg,0
Sandra_K/60.jpeg,5
Sandra_K/61.jpeg,6
Sandra_K/62.jpeg,6
Sandra_K/63.jpeg,6
Sandra_K/64.jpeg,6
Sandra_K/65.jpeg,6
Sandra_K/66.jpeg,6
Sandra_K/67.jpeg,6
Sandra_K/68.jpeg,6
Sandra_K/69.jpeg,6
Sandra_K/7.jpeg,0
Sandra_K/70.jpeg,6
Sandra_K/71.jpeg,7
Sandra_K/72.jpeg,7
Sandra_K/73.jpeg,7
Sandra_K/74.jpeg,7
Sandra_K/75.jpeg,7
Sandra_K/76.jpeg,7
Sandra_K/77.jpeg,7
Sandra_K/78.jpeg,7
Sandra_K/79.jpeg,7
Sandra_K/8.jpeg,0
Sandra_K/80.jpeg,7
Sandra_K/81.jpeg,8
Sandra_K/82.jpeg,8
Sandra_K/83.jpeg,8
Sandra_K/84.jpeg,8
Sandra_K/85.jpeg,8
Sandra_K/86.jpeg,8
Sandra_K/87.jpeg,8
Sandra_K/88.jpeg,8
Sandra_K/89.jpeg,8
Sandra_K/9.jpeg,0
Sandra_K/90.jpeg,8
Sandra_K/91.jpeg,8
Sandra_K/92.jpeg,9
Sandra_K/93.jpeg,9
Sandra_K/94.jpeg,9
Sandra_K/95.jpeg,9
Sandra_K/96.jpeg,9
Sandra_K/97.jpeg,9
Sandra_K/98.jpeg,9
Sandra_K/99.jpeg,9
Vincenzo_P_50/1.jpeg,0
Vincenzo_P_50/10.jpeg,1
Vincenzo_P_50/11.jpeg,2
Vincenzo_P_50/12.jpeg,2
Vincenzo_P_50/13.jpeg,2
Vincenzo_P_50/14.jpeg,2
Vincenzo_P_50/15.jpeg,2
Vincenzo_P_50/16.jpeg,3
Vincenzo_P_50/17.jpeg,3
Vincenzo_P_50/18.jpeg,3
Vincenzo_P_50/19.jpeg,3
Vincenzo_P_50/2.jpeg,0
Vincenzo_P_50/20.jpeg,3
Vincenzo_P_50/21.jpeg,4
Vincenzo_P_50/22.jpeg,4
Vincenzo_P_50/23.jpeg,4
Vincenzo_P_50/24.jpeg,4
Vincenzo_P_50/25.jpeg,4
Vincenzo_P_50/26.jpeg,5
Vincenzo_P_50/27.jpeg,5
Vincenzo_P_50/28.jpeg,5
Vincenzo_P_50/29.jpeg,5
Vincenzo_P_50/3.jpeg,0
Vincenzo_P_50/30.jpeg,5
Vincenzo_P_50/31.jpeg,6
Vincenzo_P_50/32.jpeg,6
Vincenzo_P_50/33.jpeg,6
Vincenzo_P_50/34.jpeg,6
Vincenzo_P_50/35.jpeg,6
Vincenzo_P_50/36.jpeg,7
Vincenzo_P_50/37.jpeg,7
Vincenzo_P_50/38.jpeg,7
Vincenzo_P_50/39.jpeg,7
Vincenzo_P_50/4.jpeg,0
Vincenzo_P_50/40.jpeg,7
Vincenzo_P_50/41.jpeg,8
Vincenzo_P_50/42.jpeg,8
Vincenzo_P_50/43.jpeg,8
Vincenzo_P_50/44.jpeg,8
Vincenzo_P_50/45.jpeg,8
Vincenzo_P_50/46.jpeg,9
Vincenzo_P_50/47.jpeg,9
Vincenzo_P_50/48.jpeg,9
Vincenzo_P_50/49.jpeg,9
Vincenzo_P_50/5.jpeg,0
Vincenzo_P_50/50.jpeg,9
Vincenzo_P_50/6.jpeg,1
Vincenzo_P_50/7.jpeg,1
Vincenzo_P_50/8.jpeg,1
Vincenzo_P_50/9.jpeg,1
